{"client_meta":{"background_color":{"r":0.9607843160629272,"g":0.9607843160629272,"b":0.9607843160629272,"a":1},"thumbnail_size":{"width":400,"height":137},"render_coordinates":{"x":-725,"y":-702.365234375,"width":3529,"height":1204.953125}},"file_name":"Fluxograma: crie uma aventura com HTML, CSS e JavaScript (Community)","developer_related_links":[]}